id,f0,f1,f2,f3,f4,f5,f6,f7,f8,f9,f10,f11,f12,f13,f14,f15
A0A023H2U3,4.477336814478207,0.01038275862068966,-0.0551783908045977,-0.08466804597701152,2.6229932883688507,2.3933035095129496,1.8826162601074097,2.638355122982489,0.5442157928808398,0.4990221599246691,0.6743931010050421,0.47059872957470744,0.29831829320669034,0.24271087799851335,0.9576548530306244,1.2913706394869575
A0A023H2U4,4.927253685157205,0.011691824817518263,-0.004589051094890514,-0.004429781021897778,2.8159359684114365,2.4575385684446194,2.0903560153352148,2.6254698401336984,0.5667793681738982,0.5283151638833138,0.6321742128743818,0.4603845320276352,0.29290829590815637,0.2540601091584705,0.9725903667064212,1.2956372028181813
A0A023H3Q7,4.276666119016055,-0.024697183098591546,-0.01660140845070423,-0.016372112676056358,2.5398299618438527,2.2548461479446105,1.9951162338997201,2.540780266967323,0.5943718804388689,0.5416903804086104,0.594385059970671,0.43836250160180723,0.3105490992167013,0.2653741060291505,0.964233550531481,1.2827573763098181
A0A0F6PW20,4.919980925828125,-0.05281661764705886,0.014796911764705885,0.06946558823529415,3.439148379335655,1.9709612690199039,1.1727294151776262,2.7124299688111746,0.5392187926355513,0.22420288338024705,0.8117734664009669,0.8367730354241288,0.12269113611712625,0.047943234758685546,0.9480001347322062,1.3142481251396954
A0A0F6PWH4,5.087596335232384,0.03694757763975157,-0.027791304347826104,0.024748819875776328,3.1264506043209734,2.8000818141313455,2.2139285400053943,2.4370283692523316,0.6247288771200855,0.5116880041848347,0.5898213428366404,0.6791138804109506,0.20208925184352872,0.1250468656267965,0.9085659467802091,1.5546868420334414
A0A0F6PWW2,2.833213344056216,0.05939625,-0.012766249999999996,0.02043124999999999,2.460137204895086,1.8419793363939885,0.6628734521772798,2.800096269243719,0.5944156753442216,0.18641552132492847,0.7822526818836917,1.0194967021719261,0.03130254613061422,0.015867409058612513,0.8807085396158274,1.5465747550583653
A0A0F6PX93,4.584967478670572,0.02235216494845356,-0.008902061855670102,0.01970268041237112,2.8108933217353105,2.8173227603274595,1.1782578831810206,2.2557142364321057,0.7397085082310303,0.31434679710251895,0.5949936251776248,0.7080698038437989,0.2069348175556942,0.09541204112838123,0.9294619775963981,1.4727374314216164
A0A0K1TZA8,4.927253685157205,0.015295182481751815,0.08989766423357662,0.05212496350364963,2.9831677089078785,1.9446108776297848,2.6888130658379468,2.3991640702697565,0.5046448257041638,0.6649661730216924,0.5505938508800281,0.6016479111338902,0.22302915516633007,0.18267587201097643,0.9314208625901144,1.4012031471459914
A0A2P1LGK0,5.017279836814924,0.00709000000000001,-0.061344666666666665,-0.003299066666666672,2.9318510290762685,2.534577676386633,1.3578175121966423,2.8008153003678062,0.6416746642522171,0.29499576118402104,0.7079767836167117,0.7947103313497925,0.12748210140944138,0.0845189734458974,0.9318218602300244,1.41776320894026
A0A2Z4YYV6,5.017279836814924,-0.0011777333333333178,-0.01767533333333332,0.02141586666666667,2.9359817899384706,2.1769069312662244,1.2621643158750018,2.936436463624277,0.5434754546672249,0.32066273600769607,0.7757640362315799,0.8035545502169765,0.12279839700936805,0.08035845900650834,0.929652159582359,1.4283625942612528
A0A343WAV4,4.7535901911063645,-0.03935843478260869,-0.009250434782608685,0.039333565217391245,3.263205872161689,2.068261738057112,0.9452046063884567,2.592548701282432,0.5832701095628104,0.18427649822339892,0.7910993309901792,0.6887605167096259,0.30447260239415597,0.015538809123805055,0.9611655220528108,1.3159112439455238
A0A343WAV5,4.59511985013459,-0.03909551020408163,-0.021925510204081622,0.005789795918367326,2.8880647116161677,2.325379667535561,1.3041231577841121,2.9963108164443883,0.5846337235731646,0.2922283056961105,0.7568394985800867,0.7837606809574761,0.17863003591114066,0.04791855796889654,0.9234614399199296,1.4557288007927758
A0A343WAV6,4.1588830833596715,-0.2952822222222223,0.02223904761904763,0.19920730158730163,3.457773869657195,2.284020117761863,0.7168034086914019,2.309681803385417,0.6928331697469956,0.14668635225115084,0.7060207595825932,0.9984647583362805,0.012672319569739554,0.0049919532771512416,0.8966128460144607,1.4744285635657557
A0A3G3A7D8,5.0369526024136295,0.03534810457516338,-0.07161660130718954,0.05272915032679734,3.2935362194988445,2.520630584019527,1.3438222642487707,2.1973591333158913,0.7180316703884189,0.3539411767609458,0.5992963905383495,0.5780697229506861,0.30309297764648246,0.12541624527509815,0.9581001757853932,1.3288355076777913
A0A514YLW7,4.04305126783455,0.03159499999999997,0.07170357142857144,-0.04278785714285715,2.659676936834197,2.671823532055653,1.6757110221461313,2.6105821738180133,0.6781696072790876,0.414904087469984,0.6065810596809201,0.6151924073321575,0.33590427555161684,0.06708512953481109,0.9239898786673814,1.4226970342068248
A0A514YLZ8,4.584967478670572,0.016987422680412378,-0.02380886597938145,0.034495463917525754,2.7211480605847203,2.225632747254029,1.3621866936261564,2.911726882859633,0.6139409266139308,0.3723172971196953,0.6960290000380103,0.7476450049118026,0.13849103347794034,0.12428062326434937,0.9318425236999822,1.5213856829419448
A0A7L8YNP6,4.6443908991413725,-0.005126601941747567,0.07627689320388346,-0.12588233009708746,3.2760831915759017,1.434876190852971,2.489450713786362,2.9903559456420368,0.36703775782102904,0.541520023452739,0.7563328292051437,0.7807822889077529,0.18224438743556726,0.04677724366892932,0.8728483750373399,1.5026601418482597
A0A7L8YNW0,3.044522437723423,-0.162986,-0.032206,-0.00938600000000001,2.711401301139274,2.125213838799553,0.5832594577683301,2.4234982057924843,0.624488675178011,0.16565021409450156,0.7632652888379363,1.01228030515603,0.027013625260513905,0.01333764319867855,0.8868076663244109,1.3877836579384504
A0A7L8YNY1,4.477336814478207,-0.0007126436781609285,0.002666436781609196,-0.015598390804597713,2.7586737976252667,2.3471972100247718,1.603231303708004,2.38522438959276,0.5868904028261475,0.44593430169739684,0.6757974945501187,0.5921436307024054,0.2410154174698705,0.1784688541728111,0.9361133715217069,1.3767231000479883
A0A7L8YP29,3.044522437723423,-0.10384200000000002,-0.03269999999999999,0.07361299999999998,2.6769776505821836,1.1796696908495592,0.5092651926942882,2.9894959781695882,0.3321644550573592,0.1556313335406325,0.9302933208492965,0.9965906710308369,0.0433418527503347,0.012699049425430202,0.8947046001917687,1.4037147415469746
A0A7L8YP34,4.61512051684126,-0.030542999999999997,0.04265919999999998,-0.15517320000000007,3.281229068479181,1.4319488717781659,2.3560186318479373,3.0946027867650963,0.361022584902743,0.4936792734855517,0.7911658916566865,0.7887415353701558,0.17485063576431953,0.046508837426260934,0.8740785056234726,1.5032857788896208
A0A7L8YPI3,3.6375861597263857,-0.048630270270270295,0.06526594594594594,0.1250956756756757,2.861213019729997,1.67284273382117,1.0667534830732104,2.618924393096814,0.4477110527743406,0.24291364703016186,0.8605508545752526,0.8637863060653261,0.11883755169889651,0.0451539162305106,0.9552207372418423,1.3874625598613206
D0UGQ8,2.833213344056216,0.06135124999999999,-0.06168375,-0.007932499999999978,2.6720706467590545,1.9594057504736218,0.6732789281644859,2.5768564997893155,0.6044074224336431,0.20039187457998633,0.7710608045475005,1.0554956430726392,0.006161083569530781,0.005009934145544428,0.8722604925698816,1.5288144180344578
H6U289,5.0689042022202315,-0.004347468354430356,-0.011249367088607591,0.0151810126582279,3.2118963552495567,2.063869334828625,0.8880169883740197,2.9580140517357107,0.5667493929681838,0.21591766509607213,0.7950941374891753,0.8783077545501504,0.08166238651234528,0.0463992839163333,0.923495990087941,1.4437958969701263
H6U2D7,4.3694478524670215,0.07465897435897437,0.032920256410256414,-0.03196743589743585,3.0535781788060667,1.856962826304259,1.3355928025003188,2.6544455016430115,0.5249324795156437,0.3296806714714725,0.7847015654423517,0.8898500023734579,0.10004777220937276,0.023089235919409052,0.9256758092753228,1.4107628594359558
L7R3P5,5.0106352940962555,-0.01507798657718122,-0.015508859060402667,-0.012309664429530203,2.832964742525231,2.6454486796538843,1.8302958926700719,2.718530481017798,0.694868007753251,0.36504399110413965,0.6195977213965436,0.6148684048533521,0.2588460396043435,0.13304230836433928,0.9466567572463556,1.3451840023871917
L7R434,5.123963979403259,0.00399437125748504,0.0175901796407186,4.7185628742498186e-05,2.9044589504212257,2.163964791881897,2.3081518406821693,2.525301708790939,0.5760752200427562,0.5026254308436635,0.6445967864657031,0.581634914002688,0.23683444523724717,0.18755473376682533,0.9508711892169911,1.343288547940244
O09328,4.770684624465665,0.0400834188034188,-0.006474871794871808,0.06026393162393164,2.972779036016631,2.330077569876928,2.11359074979418,2.4509111847724294,0.6169374948490638,0.47632817285393986,0.6264978844297789,0.49244680613976954,0.40760460280224875,0.10856927778077792,0.9594881494720858,1.3351434210625561
O09329,4.770684624465665,0.038989572649572625,-0.019391965811965815,0.05376769230769234,2.9677251160508926,2.3666999177817054,1.8337316724397512,2.485956441352932,0.640757556012049,0.4057198100472417,0.6517830851968283,0.499231487702772,0.4005087772342456,0.10888042175436945,0.9599580093007891,1.3411676056219373
W8WS20,4.90527477843843,-0.03665253731343283,-0.07187880597014924,0.06383626865671645,3.094745000351725,2.7686693880333686,1.584651491331393,2.309785964584993,0.6420771074117959,0.37853388349133776,0.6666701487142406,0.7987387394275038,0.15216911496263655,0.05661094033537098,0.9177741358269313,1.5030248333534253
X5JBA8,4.77912349311153,-0.011608644067796624,-0.01869372881355935,-0.0038100000000000234,3.174987247083501,1.9883964278800659,1.2948762751327245,2.501252399955741,0.5267403727034304,0.38282998163604126,0.758937273379559,0.695685157337122,0.24182399756816392,0.07103785172296519,0.9661683523980226,1.2834982026762003
